id,plan,age,gender,is_smoker,is_waiver,price
1,anumax,1,male,No,No,243
2,anumax,1,male,Yes,No,243
3,anumax,1,female,No,No,241
4,anumax,1,female,Yes,No,241
5,anumax,1,male,No,Yes,267
6,anumax,1,male,Yes,Yes,267
7,anumax,1,female,No,Yes,265
8,anumax,1,female,Yes,Yes,265
9,anumax,2,male,No,No,210
10,anumax,2,male,Yes,No,210
11,anumax,2,female,No,No,208
12,anumax,2,female,Yes,No,208
13,anumax,2,male,No,Yes,231
14,anumax,2,male,Yes,Yes,231
15,anumax,2,female,No,Yes,229
16,anumax,2,female,Yes,Yes,229
17,anumax,3,male,No,No,185
18,anumax,3,male,Yes,No,185
19,anumax,3,female,No,No,183
20,anumax,3,female,Yes,No,183
21,anumax,3,male,No,Yes,204
22,anumax,3,male,Yes,Yes,204
23,anumax,3,female,No,Yes,201
24,anumax,3,female,Yes,Yes,201
25,anumax,4,male,No,No,165
26,anumax,4,male,Yes,No,165
27,anumax,4,female,No,No,163
28,anumax,4,female,Yes,No,163
29,anumax,4,male,No,Yes,182
30,anumax,4,male,Yes,Yes,182
31,anumax,4,female,No,Yes,179
32,anumax,4,female,Yes,Yes,179
33,anumax,5,male,No,No,150
34,anumax,5,male,Yes,No,150
35,anumax,5,female,No,No,148
36,anumax,5,female,Yes,No,148
37,anumax,5,male,No,Yes,165
38,anumax,5,male,Yes,Yes,165
39,anumax,5,female,No,Yes,163
40,anumax,5,female,Yes,Yes,163
41,anumax,6,male,No,No,138
42,anumax,6,male,Yes,No,138
43,anumax,6,female,No,No,136
44,anumax,6,female,Yes,No,136
45,anumax,6,male,No,Yes,152
46,anumax,6,male,Yes,Yes,152
47,anumax,6,female,No,Yes,150
48,anumax,6,female,Yes,Yes,150
49,anumax,7,male,No,No,128
50,anumax,7,male,Yes,No,128
51,anumax,7,female,No,No,126
52,anumax,7,female,Yes,No,126
53,anumax,7,male,No,Yes,141
54,anumax,7,male,Yes,Yes,141
55,anumax,7,female,No,Yes,139
56,anumax,7,female,Yes,Yes,139
57,anumax,8,male,No,No,118
58,anumax,8,male,Yes,No,118
59,anumax,8,female,No,No,116
60,anumax,8,female,Yes,No,116
61,anumax,8,male,No,Yes,130
62,anumax,8,male,Yes,Yes,130
63,anumax,8,female,No,Yes,128
64,anumax,8,female,Yes,Yes,128
65,anumax,9,male,No,No,108
66,anumax,9,male,Yes,No,108
67,anumax,9,female,No,No,106
68,anumax,9,female,Yes,No,106
69,anumax,9,male,No,Yes,119
70,anumax,9,male,Yes,Yes,119
71,anumax,9,female,No,Yes,117
72,anumax,9,female,Yes,Yes,117
73,anumax,10,male,No,No,98
74,anumax,10,male,Yes,No,98
75,anumax,10,female,No,No,96
76,anumax,10,female,Yes,No,96
77,anumax,10,male,No,Yes,108
78,anumax,10,male,Yes,Yes,108
79,anumax,10,female,No,Yes,106
80,anumax,10,female,Yes,Yes,106
81,anumax,11,male,No,No,90
82,anumax,11,male,Yes,No,90
83,anumax,11,female,No,No,88
84,anumax,11,female,Yes,No,88
85,anumax,11,male,No,Yes,99
86,anumax,11,male,Yes,Yes,99
87,anumax,11,female,No,Yes,97
88,anumax,11,female,Yes,Yes,97
89,anumax,12,male,No,No,84
90,anumax,12,male,Yes,No,84
91,anumax,12,female,No,No,82
92,anumax,12,female,Yes,No,82
93,anumax,12,male,No,Yes,92
94,anumax,12,male,Yes,Yes,92
95,anumax,12,female,No,Yes,90
96,anumax,12,female,Yes,Yes,90
97,anumax,13,male,No,No,88
98,anumax,13,male,Yes,No,88
99,anumax,13,female,No,No,86
100,anumax,13,female,Yes,No,86
101,anumax,13,male,No,Yes,97
102,anumax,13,male,Yes,Yes,97
103,anumax,13,female,No,Yes,95
104,anumax,13,female,Yes,Yes,95
105,anumax,14,male,No,No,92
106,anumax,14,male,Yes,No,92
107,anumax,14,female,No,No,90
108,anumax,14,female,Yes,No,90
109,anumax,14,male,No,Yes,101
110,anumax,14,male,Yes,Yes,101
111,anumax,14,female,No,Yes,99
112,anumax,14,female,Yes,Yes,99
113,anumax,15,male,No,No,96
114,anumax,15,male,Yes,No,96
115,anumax,15,female,No,No,94
116,anumax,15,female,Yes,No,94
117,anumax,15,male,No,Yes,106
118,anumax,15,male,Yes,Yes,106
119,anumax,15,female,No,Yes,103
120,anumax,15,female,Yes,Yes,103
121,anumax,16,male,No,No,99
122,anumax,16,male,Yes,No,99
123,anumax,16,female,No,No,97
124,anumax,16,female,Yes,No,97
125,anumax,16,male,No,Yes,109
126,anumax,16,male,Yes,Yes,109
127,anumax,16,female,No,Yes,107
128,anumax,16,female,Yes,Yes,107
129,anumax,17,male,No,No,101
130,anumax,17,male,Yes,No,101
131,anumax,17,female,No,No,99
132,anumax,17,female,Yes,No,99
133,anumax,17,male,No,Yes,111
134,anumax,17,male,Yes,Yes,111
135,anumax,17,female,No,Yes,109
136,anumax,17,female,Yes,Yes,109
137,anumax,18,male,No,No,102
138,anumax,18,male,Yes,No,102
139,anumax,18,female,No,No,100
140,anumax,18,female,Yes,No,100
141,anumax,18,male,No,Yes,112
142,anumax,18,male,Yes,Yes,112
143,anumax,18,female,No,Yes,110
144,anumax,18,female,Yes,Yes,110
145,anumax,19,male,No,No,104
146,anumax,19,male,Yes,No,106
147,anumax,19,female,No,No,102
148,anumax,19,female,Yes,No,104
149,anumax,19,male,No,Yes,114
150,anumax,19,male,Yes,Yes,117
151,anumax,19,female,No,Yes,112
152,anumax,19,female,Yes,Yes,114
153,anumax,20,male,No,No,106
154,anumax,20,male,Yes,No,108
155,anumax,20,female,No,No,104
156,anumax,20,female,Yes,No,106
157,anumax,20,male,No,Yes,117
158,anumax,20,male,Yes,Yes,119
159,anumax,20,female,No,Yes,114
160,anumax,20,female,Yes,Yes,117
161,anumax,21,male,No,No,108
162,anumax,21,male,Yes,No,110
163,anumax,21,female,No,No,106
164,anumax,21,female,Yes,No,108
165,anumax,21,male,No,Yes,119
166,anumax,21,male,Yes,Yes,121
167,anumax,21,female,No,Yes,117
168,anumax,21,female,Yes,Yes,119
169,anumax,22,male,No,No,110
170,anumax,22,male,Yes,No,112
171,anumax,22,female,No,No,108
172,anumax,22,female,Yes,No,110
173,anumax,22,male,No,Yes,121
174,anumax,22,male,Yes,Yes,123
175,anumax,22,female,No,Yes,119
176,anumax,22,female,Yes,Yes,121
177,anumax,23,male,No,No,112
178,anumax,23,male,Yes,No,114
179,anumax,23,female,No,No,110
180,anumax,23,female,Yes,No,112
181,anumax,23,male,No,Yes,123
182,anumax,23,male,Yes,Yes,125
183,anumax,23,female,No,Yes,121
184,anumax,23,female,Yes,Yes,123
185,anumax,24,male,No,No,114
186,anumax,24,male,Yes,No,116
187,anumax,24,female,No,No,112
188,anumax,24,female,Yes,No,114
189,anumax,24,male,No,Yes,125
190,anumax,24,male,Yes,Yes,128
191,anumax,24,female,No,Yes,123
192,anumax,24,female,Yes,Yes,125
193,anumax,25,male,No,No,116
194,anumax,25,male,Yes,No,118
195,anumax,25,female,No,No,114
196,anumax,25,female,Yes,No,116
197,anumax,25,male,No,Yes,128
198,anumax,25,male,Yes,Yes,130
199,anumax,25,female,No,Yes,125
200,anumax,25,female,Yes,Yes,128
201,anumax,26,male,No,No,118
202,anumax,26,male,Yes,No,120
203,anumax,26,female,No,No,116
204,anumax,26,female,Yes,No,118
205,anumax,26,male,No,Yes,130
206,anumax,26,male,Yes,Yes,132
207,anumax,26,female,No,Yes,128
208,anumax,26,female,Yes,Yes,130
209,anumax,27,male,No,No,122
210,anumax,27,male,Yes,No,124
211,anumax,27,female,No,No,120
212,anumax,27,female,Yes,No,122
213,anumax,27,male,No,Yes,134
214,anumax,27,male,Yes,Yes,136
215,anumax,27,female,No,Yes,132
216,anumax,27,female,Yes,Yes,134
217,anumax,28,male,No,No,126
218,anumax,28,male,Yes,No,128
219,anumax,28,female,No,No,124
220,anumax,28,female,Yes,No,126
221,anumax,28,male,No,Yes,139
222,anumax,28,male,Yes,Yes,141
223,anumax,28,female,No,Yes,136
224,anumax,28,female,Yes,Yes,139
225,anumax,29,male,No,No,130
226,anumax,29,male,Yes,No,132
227,anumax,29,female,No,No,128
228,anumax,29,female,Yes,No,130
229,anumax,29,male,No,Yes,143
230,anumax,29,male,Yes,Yes,145
231,anumax,29,female,No,Yes,141
232,anumax,29,female,Yes,Yes,143
233,anumax,30,male,No,No,134
234,anumax,30,male,Yes,No,136
235,anumax,30,female,No,No,132
236,anumax,30,female,Yes,No,134
237,anumax,30,male,No,Yes,147
238,anumax,30,male,Yes,Yes,150
239,anumax,30,female,No,Yes,145
240,anumax,30,female,Yes,Yes,147
241,anumax,31,male,No,No,138
242,anumax,31,male,Yes,No,141
243,anumax,31,female,No,No,136
244,anumax,31,female,Yes,No,139
245,anumax,31,male,No,Yes,152
246,anumax,31,male,Yes,Yes,155
247,anumax,31,female,No,Yes,150
248,anumax,31,female,Yes,Yes,152
249,anumax,32,male,No,No,142
250,anumax,32,male,Yes,No,145
251,anumax,32,female,No,No,140
252,anumax,32,female,Yes,No,143
253,anumax,32,male,No,Yes,156
254,anumax,32,male,Yes,Yes,160
255,anumax,32,female,No,Yes,154
256,anumax,32,female,Yes,Yes,157
257,anumax,33,male,No,No,146
258,anumax,33,male,Yes,No,149
259,anumax,33,female,No,No,144
260,anumax,33,female,Yes,No,147
261,anumax,33,male,No,Yes,161
262,anumax,33,male,Yes,Yes,164
263,anumax,33,female,No,Yes,158
264,anumax,33,female,Yes,Yes,162
265,anumax,34,male,No,No,150
266,anumax,34,male,Yes,No,153
267,anumax,34,female,No,No,148
268,anumax,34,female,Yes,No,151
269,anumax,34,male,No,Yes,165
270,anumax,34,male,Yes,Yes,168
271,anumax,34,female,No,Yes,163
272,anumax,34,female,Yes,Yes,166
273,anumax,35,male,No,No,155
274,anumax,35,male,Yes,No,158
275,anumax,35,female,No,No,153
276,anumax,35,female,Yes,No,156
277,anumax,35,male,No,Yes,171
278,anumax,35,male,Yes,Yes,174
279,anumax,35,female,No,Yes,168
280,anumax,35,female,Yes,Yes,172
281,anumax,36,male,No,No,160
282,anumax,36,male,Yes,No,163
283,anumax,36,female,No,No,158
284,anumax,36,female,Yes,No,161
285,anumax,36,male,No,Yes,176
286,anumax,36,male,Yes,Yes,179
287,anumax,36,female,No,Yes,174
288,anumax,36,female,Yes,Yes,177
289,anumax,37,male,No,No,165
290,anumax,37,male,Yes,No,168
291,anumax,37,female,No,No,163
292,anumax,37,female,Yes,No,166
293,anumax,37,male,No,Yes,182
294,anumax,37,male,Yes,Yes,185
295,anumax,37,female,No,Yes,179
296,anumax,37,female,Yes,Yes,183
297,anumax,38,male,No,No,170
298,anumax,38,male,Yes,No,173
299,anumax,38,female,No,No,168
300,anumax,38,female,Yes,No,171
301,anumax,38,male,No,Yes,187
302,anumax,38,male,Yes,Yes,190
303,anumax,38,female,No,Yes,185
304,anumax,38,female,Yes,Yes,188
305,anumax,39,male,No,No,176
306,anumax,39,male,Yes,No,179
307,anumax,39,female,No,No,174
308,anumax,39,female,Yes,No,177
309,anumax,39,male,No,Yes,194
310,anumax,39,male,Yes,Yes,197
311,anumax,39,female,No,Yes,191
312,anumax,39,female,Yes,Yes,195
313,anumax,40,male,No,No,182
314,anumax,40,male,Yes,No,186
315,anumax,40,female,No,No,180
316,anumax,40,female,Yes,No,184
317,anumax,40,male,No,Yes,200
318,anumax,40,male,Yes,Yes,205
319,anumax,40,female,No,Yes,198
320,anumax,40,female,Yes,Yes,202
321,anumax,41,male,No,No,190
322,anumax,41,male,Yes,No,194
323,anumax,41,female,No,No,188
324,anumax,41,female,Yes,No,192
325,anumax,41,male,No,Yes,209
326,anumax,41,male,Yes,Yes,213
327,anumax,41,female,No,Yes,207
328,anumax,41,female,Yes,Yes,211
329,anumax,42,male,No,No,198
330,anumax,42,male,Yes,No,202
331,anumax,42,female,No,No,196
332,anumax,42,female,Yes,No,200
333,anumax,42,male,No,Yes,218
334,anumax,42,male,Yes,Yes,222
335,anumax,42,female,No,Yes,216
336,anumax,42,female,Yes,Yes,220
337,anumax,43,male,No,No,206
338,anumax,43,male,Yes,No,210
339,anumax,43,female,No,No,204
340,anumax,43,female,Yes,No,208
341,anumax,43,male,No,Yes,227
342,anumax,43,male,Yes,Yes,231
343,anumax,43,female,No,Yes,224
344,anumax,43,female,Yes,Yes,229
345,anumax,44,male,No,No,215
346,anumax,44,male,Yes,No,219
347,anumax,44,female,No,No,213
348,anumax,44,female,Yes,No,217
349,anumax,44,male,No,Yes,237
350,anumax,44,male,Yes,Yes,241
351,anumax,44,female,No,Yes,234
352,anumax,44,female,Yes,Yes,239
353,anumax,45,male,No,No,225
354,anumax,45,male,Yes,No,230
355,anumax,45,female,No,No,223
356,anumax,45,female,Yes,No,228
357,anumax,45,male,No,Yes,248
358,anumax,45,male,Yes,Yes,253
359,anumax,45,female,No,Yes,245
360,anumax,45,female,Yes,Yes,251
361,anumax,46,male,No,No,236
362,anumax,46,male,Yes,No,241
363,anumax,46,female,No,No,234
364,anumax,46,female,Yes,No,239
365,anumax,46,male,No,Yes,260
366,anumax,46,male,Yes,Yes,265
367,anumax,46,female,No,Yes,257
368,anumax,46,female,Yes,Yes,263
369,anumax,47,male,No,No,247
370,anumax,47,male,Yes,No,252
371,anumax,47,female,No,No,245
372,anumax,47,female,Yes,No,250
373,anumax,47,male,No,Yes,272
374,anumax,47,male,Yes,Yes,277
375,anumax,47,female,No,Yes,270
376,anumax,47,female,Yes,Yes,275
377,anumax,48,male,No,No,259
378,anumax,48,male,Yes,No,264
379,anumax,48,female,No,No,257
380,anumax,48,female,Yes,No,262
381,anumax,48,male,No,Yes,285
382,anumax,48,male,Yes,Yes,290
383,anumax,48,female,No,Yes,283
384,anumax,48,female,Yes,Yes,288
385,anumax,49,male,No,No,272
386,anumax,49,male,Yes,No,278
387,anumax,49,female,No,No,270
388,anumax,49,female,Yes,No,276
389,anumax,49,male,No,Yes,299
390,anumax,49,male,Yes,Yes,306
391,anumax,49,female,No,Yes,297
392,anumax,49,female,Yes,Yes,304
393,anumax,50,male,No,No,286
394,anumax,50,male,Yes,No,292
395,anumax,50,female,No,No,284
396,anumax,50,female,Yes,No,290
397,anumax,50,male,No,Yes,315
398,anumax,50,male,Yes,Yes,321
399,anumax,50,female,No,Yes,312
400,anumax,50,female,Yes,Yes,319
